{
    "accuracy_score": 0.64,
    "roc_auc_score": 0.5449065702230259,
    "f1_score": 0.3076923076923077,
    "precision_score": 0.25806451612903225,
    "recall_score": 0.38095238095238093,
    "confusion_matrix": [
        [
            56,
            23
        ],
        [
            13,
            8
        ]
    ],
    "classification_report": "              precision    recall  f1-score   support\n\n           0       0.81      0.71      0.76        79\n           1       0.26      0.38      0.31        21\n\n    accuracy                           0.64       100\n   macro avg       0.53      0.54      0.53       100\nweighted avg       0.70      0.64      0.66       100\n"
}