{
    "accuracy_score": 0.66,
    "roc_auc_score": 0.6548547129695252,
    "f1_score": 0.39285714285714285,
    "precision_score": 0.28205128205128205,
    "recall_score": 0.6470588235294118,
    "confusion_matrix": [
        [
            55,
            28
        ],
        [
            6,
            11
        ]
    ],
    "classification_report": "              precision    recall  f1-score   support\n\n           0       0.90      0.66      0.76        83\n           1       0.28      0.65      0.39        17\n\n    accuracy                           0.66       100\n   macro avg       0.59      0.65      0.58       100\nweighted avg       0.80      0.66      0.70       100\n"
}